customer_id,tenure_months,monthly_charges,total_charges,support_tickets,contract_type,payment_method,has_fibre,satisfaction_score,churned
C00000,36,104.19,"3,750.84",2,Month-to-month,,1,4.6,1
C00001,47,60.9,"2,862.30",2,MONTH-TO-MONTH,Electronic check,1,4.9,0
C00002,29,102.71,"2,978.59",4,Month-to-month,Bank transfer,0,7.9,1
C00003,4,110.34,441.36,2,MONTH-TO-MONTH,Electronic check,1,,1
C00004,41,106.25,"4,356.25",2,One year,Credit card,0,9.6,0
C00005,2,39.62,79.24,0,Month-to-month,Electronic check,0,8.5,0
C00006,20,23.15,463.00,2,Month-to-month,Bank transfer,0,3.7,1
C00007,60,64.64,"3,878.40",3,One year,Credit card,0,7.5,0
C00008,33,117.93,"3,891.69",0,Month-to-month,Bank transfer,1,7.8,0
C00009,42,67.34,"2,828.28",2, Month-to-month,Bank transfer,0,,0
C00010,69,61.55,"4,246.95",0,One year,Bank transfer,1,8.5,0
C00011,16,57.77,924.32,0,Month-to-month,Bank transfer,1,4.8,0
C00012,61,80.77,"4,926.97",0,One year,Electronic check,1,5.1,0
C00013,54,107.66,"5,813.64",1,Month-to-month,,1,9.9,0
C00014,27,104.08,"2,810.16",2,Month-to-month,Electronic check,0,,1
C00015,19,21.41,406.79,1,Two year,Credit card,0,7.9,0
C00016,20,59.04,"1,180.80",1,One year,Electronic check,0,5.7,0
C00017,30,24.11,723.30,1,Month-to-month,Mailed check,0,6.9,0
C00018,46,55.06,"2,532.76",0,Month-to-month,Electronic check,1,8.0,0
C00019,33,32.44,"1,070.52",1,MONTH-TO-MONTH,Mailed check,1,4.8,0
C00020,11,33.19,365.09,0,Two year,Electronic check,1,9.4,0
C00021,68,90.25,"6,137.00",1,One year,Bank transfer,0,10.0,0
C00022,28,49.52,"1,386.56",2, Month-to-month,Credit card,0,6.3,0
C00023,64,50.03,"3,201.92",3,Month-to-month,Credit card,0,7.4,0
C00024,14,80.63,"1,128.82",0,One year,Mailed check,0,9.3,0
C00025,20,65.81,"1,316.20",0,Month-to-month,Electronic check,1,8.7,0
C00026,56,41.71,"2,335.76",3,Month-to-month,Credit card,0,5.9,0
C00027,20,34.57,691.40,3,Month-to-month,Mailed check,1,,0
C00028,64,25.29,"1,618.56",0,Month-to-month,Bank transfer,1,3.5,1
C00029,30,116.26,"3,487.80",0,Month-to-month,Mailed check,1,9.1,0
C00030,33,69.39,"2,289.87",3,Month-to-month,Electronic check,1,5.3,0
C00031,1,70.47, ,2,One year,,1,7.1,1
C00032,30,71.74,"2,152.20",2,Two year,Credit card,0,10.0,0
C00033,22,92.34,"2,031.48",4,Month-to-month,Electronic check,1,8.2,0
C00034,39,116.79,"4,554.81",0, Month-to-month,Electronic check,0,10.0,0
C00035,68,44.92,"3,054.56",3,Month-to-month,Electronic check,0,5.4,0
C00036,1,20.71, ,0,month-to-month,Electronic check,0,,0
C00037,60,73.32,"4,399.20",0,Two year,Electronic check,1,6.1,0
C00038,29,90.78,"2,632.62",3,Month-to-month,Bank transfer,0,7.0,0
C00039,38,63.16,"2,400.08",1,Month-to-month,Mailed check,0,10.0,0
C00040,34,45.52,"1,547.68",1,Month-to-month,Electronic check,1,6.3,0
C00041,35,72.7,"2,544.50",1,Month-to-month,Electronic check,0,7.3,0
C00042,59,94.4,"5,569.60",0,Month-to-month,Credit card,1,9.2,0
C00043,68,65.21,"4,434.28",1,One year,Credit card,1,4.1,0
C00044,71,116.77,"8,290.67",0,Month-to-month,Bank transfer,0,5.9,0
C00045,43,79.87,"3,434.41",1, Month-to-month,Credit card,1,3.0,1
C00046,50,71.61,"3,580.50",1,Month-to-month,Electronic check,1,5.5,1
C00047,67,28.71,"1,923.57",4,One year,Mailed check,1,6.3,0
C00048,67,74.8,"5,011.60",0,Two year,Credit card,0,10.0,0
C00049,71,29.3,"2,080.30",4,Month-to-month,Electronic check,1,6.3,0
C00050,4,26.87,107.48,0,MONTH-TO-MONTH,Electronic check,1,5.8,0
C00051,3,101.33,303.99,1,Month-to-month,Mailed check,0,2.7,0
C00052,42,106.5,"4,473.00",1,Month-to-month,Mailed check,0,6.5,0
C00053,9,69.68,627.12,1,MONTH-TO-MONTH,Electronic check,1,8.2,1
C00054,62,46.15,"2,861.30",5,Month-to-month,Mailed check,1,7.8,0
C00055,55,44.21,"2,431.55",2,Month-to-month,Mailed check,1,5.4,0
C00056,9,92.02,828.18,2,One year,Mailed check,1,10.0,1
C00057,9,20.88,187.92,0,Month-to-month,Credit card,1,3.0,1
C00058,8,82.94,663.52,2,Month-to-month,Credit card,1,7.1,1
C00059,25,64.83,"1,620.75",0, Month-to-month,Credit card,1,8.3,0
C00060,60,112.58,"6,754.80",1,Month-to-month,Credit card,1,5.4,0
C00061,22,95.43,"2,099.46",2,One year,Credit card,1,5.9,0
C00062,50,57.88,"2,894.00",0,Month-to-month,Credit card,0,5.5,0
C00063,40,85.24,"3,409.60",2,One year,Mailed check,1,6.0,0
C00064,43,32.33,"1,390.19",0,Month-to-month,,1,,0
C00065,4,26.39,105.56,0,Month-to-month,Credit card,0,9.5,0
C00066,49,95.8,"4,694.20",3,One year,Electronic check,0,9.8,0
C00067,33,81.02,"2,673.66",2,Month-to-month,Credit card,0,8.4,0
C00068,10,53.34,533.40,1,One year,Mailed check,1,6.8,0
C00069,40,89.15,"3,566.00",1,Month-to-month,Electronic check,1,7.2,0
C00070,44,108.09,"4,755.96",2,Two year,Electronic check,1,10.0,0
C00071,9,40.02,360.18,1,Two year,Mailed check,1,6.7,0
C00072,36,69.47,"2,500.92",2,One year,Electronic check,0,6.4,1
C00073,25,30.56,764.00,0,One year,Mailed check,1,6.8,0
C00074,54,49.51,"2,673.54",1,Month-to-month,Mailed check,1,,0
C00075,36,47.23,"1,700.28",0,One year,Credit card,0,6.7,0
C00076,3,75.13,225.39,0,Month-to-month,Bank transfer,1,8.2,0
C00077,22,102.31,"2,250.82",0,Month-to-month,Mailed check,0,7.0,0
C00078,40,26.55,"1,062.00",0,Month-to-month,Electronic check,1,5.1,0
C00079,30,51.43,"1,542.90",1,Month-to-month,Electronic check,1,4.2,0
C00080,19,29.99,569.81,0,MONTH-TO-MONTH,Electronic check,0,7.5,0
C00081,30,28.11,843.30,2,Month-to-month,Mailed check,0,5.8,0
C00082,24,60.94,"1,462.56",1,MONTH-TO-MONTH,Electronic check,1,9.9,0
C00083,7,45.41,317.87,2,Two year,Bank transfer,0,6.5,0
C00084,50,106.18,"5,309.00",2,MONTH-TO-MONTH,Bank transfer,1,6.5,1
C00085,42,68.38,"2,871.96",1,Month-to-month,Bank transfer,1,8.1,0
C00086,38,49.74,"1,890.12",0,Two year,Mailed check,1,7.6,0
C00087,6,70.84,425.04,0,One year,Electronic check,1,4.7,0
C00088,48,50.84,"2,440.32",1,Month-to-month,Mailed check,0,4.5,1
C00089,42,100.07,"4,202.94",1,Month-to-month,Mailed check,1,5.5,0
C00090,58,23.57,"1,367.06",6,Month-to-month,Electronic check,0,5.8,0
C00091,6,81.74,490.44,2,Two year,Electronic check,1,6.0,0
C00092,24,22.13,531.12,2,Month-to-month,Bank transfer,0,6.1,0
C00093,39,61.75,"2,408.25",2,One year,Electronic check,1,,1
C00094,10,71.9,719.00,0,One year,Mailed check,0,4.7,0
C00095,61,31.41,"1,916.01",0,One year,Bank transfer,0,6.5,0
C00096,18,99.45,"1,790.10",1, Month-to-month,Mailed check,1,5.0,1
C00097,21,64.48,"1,354.08",1,MONTH-TO-MONTH,Electronic check,0,6.5,0
C00098,28,97.95,"2,742.60",2, Month-to-month,Bank transfer,1,8.7,0
C00099,6,48.03,288.18,1,Month-to-month,Bank transfer,0,7.1,0
C00100,13,67.78,881.14,4,Month-to-month,Bank transfer,0,5.0,1
C00101,23,34.26,787.98,2,Two year,Bank transfer,1,10.0,0
C00102,15,86.55,"1,298.25",0,One year,Credit card,0,5.6,0
C00103,31,35.44,"1,098.64",0,One year,Bank transfer,0,6.0,0
C00104,46,76.87,"3,536.02",2,Month-to-month,Bank transfer,1,6.6,0
C00105,44,85.34,"3,754.96",1,Month-to-month,Mailed check,1,5.1,1
C00106,62,62.05,"3,847.10",1,Two year,Electronic check,0,7.5,0
C00107,11,102.73,"1,130.03",1,Month-to-month,Electronic check,1,9.5,0
C00108,46,119.09,"5,478.14",1,month-to-month,Bank transfer,0,5.7,0
C00109,1,96.39, ,1,Month-to-month,,0,6.4,0
C00110,1,35.99, ,2,Month-to-month,Mailed check,1,7.0,1
C00111,60,34.78,"2,086.80",2,Month-to-month,Credit card,0,1.9,0
C00112,27,44.04,"1,189.08",2,Month-to-month,Mailed check,0,5.3,0
C00113,33,56.25,"1,856.25",2,Month-to-month,Electronic check,0,7.4,0
C00114,62,87.63,"5,433.06",1,Two year,Mailed check,0,6.1,0
C00115,41,111.99,"4,591.59",1,Month-to-month,Mailed check,0,4.2,0
C00116,50,82.9,"4,145.00",2,One year,Electronic check,0,6.1,0
C00117,57,119.56,"6,814.92",0,One year,Credit card,1,4.4,1
C00118,47,97.23,"4,569.81",2,Month-to-month,Mailed check,0,9.1,0
C00119,55,62.42,"3,433.10",1,Month-to-month,Credit card,0,5.5,0
C00120,10,22.24,222.40,2,One year,Bank transfer,0,7.7,0
C00121,62,109.96,"6,817.52",1,One year,Mailed check,1,5.9,0
C00122,30,92.75,"2,782.50",0,One year,Electronic check,0,6.9,0
C00123,23,38.74,891.02,2,Two year,Mailed check,1,8.3,0
C00124,12,38.45,461.40,1,One year,Electronic check,1,,0
C00125,14,60.5,847.00,4,Month-to-month,Electronic check,0,,0
C00126,11,50.25,552.75,2,Month-to-month,Bank transfer,1,5.3,0
C00127,1,66.27, ,3,One year,Electronic check,1,7.1,0
C00128,20,95.58,"1,911.60",4,Month-to-month,Electronic check,0,8.7,1
C00129,29,57.31,"1,661.99",3,Month-to-month,Electronic check,0,7.3,0
C00130,68,48.21,"3,278.28",0,Month-to-month,Mailed check,0,,0
C00131,44,32.74,"1,440.56",1,One year,Mailed check,1,3.6,0
C00132,54,73.12,"3,948.48",1,Two year,Bank transfer,0,8.1,0
C00133,41,48.04,"1,969.64",1,Month-to-month,Credit card,0,10.0,0
C00134,57,32.87,"1,873.59",2,One year,Credit card,1,8.2,0
C00135,63,46.73,"2,943.99",1,Month-to-month,,0,7.4,0
C00136,64,38.59,"2,469.76",2,Month-to-month,Mailed check,1,8.8,0
C00137,59,88.75,"5,236.25",1,Month-to-month,Electronic check,0,8.7,0
C00138,50,66.82,"3,341.00",1,Month-to-month,Credit card,0,8.3,0
C00139,36,42.47,"1,528.92",4,One year,Credit card,0,7.4,0
C00140,13,116.74,"1,517.62",0,One year,Credit card,1,4.3,0
C00141,9,103.31,929.79,1,One year,Bank transfer,1,,0
C00142,67,74.08,"4,963.36",0,Two year,Mailed check,1,7.3,0
C00143,36,98.37,"3,541.32",1,month-to-month,Electronic check,1,8.6,0
C00144,58,104.23,"6,045.34",2,One year,Electronic check,0,,0
C00145,66,42.26,"2,789.16",1,One year,Mailed check,0,5.3,0
C00146,6,98.98,593.88,2,Month-to-month,Electronic check,0,7.0,0
C00147,63,78.59,"4,951.17",1,Month-to-month,,1,4.8,0
C00148,21,28.17,591.57,1,month-to-month,Bank transfer,1,5.6,0
C00149,48,27.66,"1,327.68",0,One year,Bank transfer,1,8.7,0
C00150,33,95.47,"3,150.51",1,Month-to-month,Credit card,0,1.5,1
C00151,47,50.75,"2,385.25",2,month-to-month,Credit card,1,6.7,1
C00152,35,105.94,"3,707.90",1,Two year,,0,6.1,0
C00153,59,89.11,"5,257.49",0,One year,Mailed check,1,7.7,0
C00154,68,111.99,"7,615.32",0,Two year,Electronic check,0,10.0,0
C00155,49,74.64,"3,657.36",1,Two year,Mailed check,0,,0
C00156,30,115.06,"3,451.80",1,Month-to-month,Mailed check,0,8.1,1
C00157,45,21.44,964.80,1,Month-to-month,Mailed check,1,8.2,0
C00158,12,88.81,"1,065.72",0,Month-to-month,,0,3.8,1
C00159,29,55.77,"1,617.33",1,One year,Bank transfer,1,8.5,0
C00160,53,68.3,"3,619.90",1,Month-to-month,Bank transfer,1,7.2,0
C00161,29,74.97,"2,174.13",3,One year,Mailed check,1,4.9,0
C00162,71,85.0,"6,035.00",1,One year,Mailed check,1,10.0,0
C00163,35,35.65,"1,247.75",1,Month-to-month,Electronic check,1,7.0,0
C00164,63,69.78,"4,396.14",1,Month-to-month,Bank transfer,1,4.1,0
C00165,63,90.51,"5,702.13",0,One year,Electronic check,0,6.0,0
C00166,17,37.0,629.00,1,Two year,Credit card,0,6.8,0
C00167,46,26.08,"1,199.68",2,One year,Bank transfer,0,8.7,0
C00168,68,102.5,"6,970.00",5, Month-to-month,Electronic check,0,6.3,0
C00169,59,52.31,"3,086.29",1,Month-to-month,Credit card,0,8.1,0
C00170,35,44.03,"1,541.05",3, Month-to-month,Mailed check,1,5.3,0
C00171,36,47.61,"1,713.96",1,One year,Mailed check,0,7.0,0
C00172,57,113.17,"6,450.69",2,One year,Mailed check,1,6.1,0
C00173,39,83.73,"3,265.47",2,Month-to-month,Mailed check,0,3.0,0
C00174,39,113.12,"4,411.68",1,Two year,Electronic check,1,8.4,0
C00175,50,99.73,"4,986.50",1,Month-to-month,Bank transfer,1,5.0,1
C00176,71,107.05,"7,600.55",5,One year,Credit card,0,4.4,0
C00177,50,28.84,"1,442.00",3,Month-to-month,Mailed check,1,7.6,0
C00178,36,31.22,"1,123.92",2,Month-to-month,Electronic check,1,7.5,0
C00179,16,110.08,"1,761.28",2,Two year,Bank transfer,0,7.4,0
C00180,21,91.66,"1,924.86",2,Month-to-month,Bank transfer,1,7.1,1
C00181,66,97.63,"6,443.58",1,Month-to-month,Electronic check,1,8.7,0
C00182,60,72.92,"4,375.20",1, Month-to-month,Credit card,0,3.5,0
C00183,16,47.47,759.52,2,Month-to-month,Electronic check,0,7.3,0
C00184,26,64.32,"1,672.32",0,One year,Electronic check,0,8.1,0
C00185,47,115.85,"5,444.95",1,One year,Credit card,0,2.0,1
C00186,46,104.37,"4,801.02",2,Month-to-month,Mailed check,1,6.5,1
C00187,26,55.7,"1,448.20",1,Month-to-month,Mailed check,0,4.4,0
C00188,51,70.98,"3,619.98",3,Two year,Mailed check,0,5.0,0
C00189,20,82.57,"1,651.40",0,Month-to-month,Mailed check,0,6.2,1
C00190,64,71.44,"4,572.16",0,One year,,0,7.7,0
C00191,71,57.28,"4,066.88",1,Month-to-month,Bank transfer,1,9.4,0
C00192,20,76.77,"1,535.40",2,One year,Credit card,1,3.1,0
C00193,49,78.43,"3,843.07",1,Month-to-month,Credit card,0,2.3,0
C00194,40,62.76,"2,510.40",2,One year,Mailed check,0,10.0,0
C00195,21,30.24,635.04,1,Month-to-month,Mailed check,1,5.6,0
C00196,45,86.28,"3,882.60",2,Month-to-month,Electronic check,1,6.5,0
C00197,52,104.86,"5,452.72",3,Month-to-month,Electronic check,1,8.7,0
C00198,37,37.28,"1,379.36",3,Month-to-month,Mailed check,0,8.1,0
C00199,54,83.16,"4,490.64",1,Two year,Electronic check,1,4.7,0
C00200,68,59.07,"4,016.76",2,Two year,Electronic check,1,6.7,0
C00201,26,69.18,"1,798.68",4,Month-to-month,Credit card,1,,1
C00202,26,83.77,"2,178.02",3,Month-to-month,Mailed check,1,7.2,1
C00203,67,42.06,"2,818.02",1,Two year,Bank transfer,0,8.3,0
C00204,57,53.21,"3,032.97",5,Month-to-month,Bank transfer,1,,0
C00205,69,75.69,"5,222.61",2,Month-to-month,Credit card,0,7.7,0
C00206,55,94.29,"5,185.95",3,One year,Bank transfer,1,3.3,1
C00207,19,48.19,915.61,0,Month-to-month,Electronic check,1,4.4,0
C00208,41,63.06,"2,585.46",1,Month-to-month,Bank transfer,1,7.5,0
C00209,52,44.61,"2,319.72",2,Month-to-month,Mailed check,1,9.5,0
C00210,27,51.58,"1,392.66",1,Month-to-month,Bank transfer,1,8.2,0
C00211,15,56.53,847.95,2,Month-to-month,Credit card,0,4.7,0
C00212,53,66.68,"3,534.04",0,Month-to-month,Bank transfer,0,,0
C00213,16,24.1,385.60,1,Month-to-month,Bank transfer,1,6.8,0
C00214,69,55.67,"3,841.23",1,Month-to-month,Mailed check,0,9.3,0
C00215,55,97.89,"5,383.95",1,Month-to-month,Bank transfer,1,6.3,0
C00216,57,50.83,"2,897.31",2,One year,Mailed check,1,8.5,0
C00217,68,104.11,"7,079.48",2,Month-to-month,Credit card,0,1.0,0
C00218,66,52.21,"3,445.86",1,Month-to-month,Bank transfer,1,6.2,0
C00219,36,92.49,"3,329.64",0,Month-to-month,Electronic check,0,6.4,1
C00220,27,103.28,"2,788.56",0,One year,Credit card,1,5.1,0
C00221,23,97.79,"2,249.17",1,Month-to-month,Bank transfer,1,3.4,0
C00222,52,116.63,"6,064.76",1,One year,Bank transfer,1,7.3,0
C00223,21,91.37,"1,918.77",1,Month-to-month,Mailed check,0,6.2,1
C00224,50,108.51,"5,425.50",0,Month-to-month,Bank transfer,0,9.0,1
C00225,33,39.9,"1,316.70",2,One year,Mailed check,1,4.0,0
C00226,17,119.78,"2,036.26",1,One year,Electronic check,1,7.9,0
C00227,46,108.37,"4,985.02",3,Month-to-month,Bank transfer,1,3.3,0
C00228,11,33.91,373.01,1,Month-to-month,Bank transfer,0,4.0,0
C00229,66,69.77,"4,604.82",0,Two year,Credit card,1,9.3,0
C00230,21,85.56,"1,796.76",2,One year,Electronic check,1,5.1,0
C00231,54,89.72,"4,844.88",5,One year,Mailed check,1,5.3,0
C00232,40,26.24,"1,049.60",2,Month-to-month,Bank transfer,1,5.4,1
C00233,63,76.41,"4,813.83",1,One year,Bank transfer,0,10.0,0
C00234,53,61.47,"3,257.91",0,MONTH-TO-MONTH,Bank transfer,0,6.1,0
C00235,54,24.92,"1,345.68",3,One year,Mailed check,1,6.8,0
C00236,39,62.05,"2,419.95",2,Month-to-month,Mailed check,1,9.8,0
C00237,31,98.61,"3,056.91",1,One year,Electronic check,1,2.4,0
C00238,7,103.37,723.59,0,Month-to-month,Mailed check,0,5.0,0
C00239,68,118.62,"8,066.16",3,One year,Electronic check,1,6.4,0
C00240,40,50.82,"2,032.80",3,Month-to-month,Bank transfer,0,9.6,0
C00241,44,23.64,"1,040.16",0,One year,Mailed check,1,9.2,0
C00242,65,87.68,"5,699.20",1,Month-to-month,Electronic check,0,8.4,0
C00243,33,80.86,"2,668.38",1,Two year,Electronic check,0,6.9,0
C00244,3,34.88,104.64,2,Two year,Electronic check,0,3.2,0
C00245,49,85.44,"4,186.56",0,Two year,Electronic check,1,7.0,0
C00246,13,75.27,978.51,1,Month-to-month,Electronic check,0,5.7,1
C00247,54,64.53,"3,484.62",1,One year,Electronic check,1,5.9,1
C00248,49,51.35,"2,516.15",2,Month-to-month,Mailed check,0,8.3,0
C00249,41,82.3,"3,374.30",1,One year,Bank transfer,0,10.0,0
C00250,30,53.81,"1,614.30",0,Month-to-month,Bank transfer,1,6.4,0
C00251,35,30.06,"1,052.10",1,One year,Mailed check,0,4.0,0
C00252,14,101.98,"1,427.72",1,One year,Mailed check,0,7.8,0
C00253,65,26.62,"1,730.30",1,Month-to-month,Credit card,1,7.6,0
C00254,19,110.12,"2,092.28",0,Month-to-month,,1,6.3,0
C00255,37,46.37,"1,715.69",2,Month-to-month,Credit card,1,4.7,0
C00256,7,94.6,662.20,2,Two year,Electronic check,1,5.6,0
C00257,39,83.47,"3,255.33",3,Two year,Bank transfer,0,6.2,0
C00258,65,25.96,"1,687.40",2,Two year,Bank transfer,1,9.7,0
C00259,67,59.46,"3,983.82",2,Two year,Electronic check,0,6.9,0
C00260,41,82.49,"3,382.09",2,Two year,Mailed check,0,6.3,0
C00261,69,103.02,"7,108.38",2,Month-to-month,Bank transfer,1,4.9,0
C00262,5,39.9,199.50,4,One year,Electronic check,0,8.5,0
C00263,47,111.15,"5,224.05",1,Month-to-month,,1,6.6,0
C00264,57,56.24,"3,205.68",3,Month-to-month,Mailed check,1,4.8,1
C00265,31,95.82,"2,970.42",0,Month-to-month,Electronic check,0,8.9,0
C00266,36,30.51,"1,098.36",0,Month-to-month,Mailed check,1,6.7,0
C00267,11,59.58,655.38,1,MONTH-TO-MONTH,Credit card,0,7.4,1
C00268,34,104.76,"3,561.84",1,Month-to-month,Mailed check,1,7.9,0
C00269,8,72.37,578.96,6,Two year,Credit card,0,8.2,0
C00270,62,96.41,"5,977.42",0,Month-to-month,Bank transfer,1,6.6,0
C00271,22,21.92,482.24,2,One year,Electronic check,0,7.8,0
C00272,19,32.38,615.22,0,Month-to-month,Electronic check,1,9.3,0
C00273,1,32.01, ,1,Two year,Electronic check,1,9.6,0
C00274,3,93.37,280.11,1,Month-to-month,Mailed check,0,4.3,1
C00275,61,106.48,"6,495.28",1,One year,Mailed check,1,6.8,0
C00276,27,85.1,"2,297.70",0,One year,Electronic check,1,9.0,0
C00277,16,46.02,736.32,2,One year,Credit card,1,10.0,0
C00278,70,62.34,"4,363.80",2,One year,Electronic check,1,7.2,0
C00279,12,42.23,506.76,4,Two year,Credit card,0,6.6,0
C00280,8,99.72,797.76,2,One year,Bank transfer,0,3.6,0
C00281,35,67.88,"2,375.80",1,Two year,Bank transfer,1,7.5,0
C00282,2,117.69,235.38,1,Month-to-month,Bank transfer,0,8.4,0
C00283,46,61.3,"2,819.80",1,One year,Electronic check,1,,0
C00284,11,59.84,658.24,5,One year,Mailed check,1,7.8,0
C00285,3,115.33,345.99,1,Month-to-month,Bank transfer,1,10.0,0
C00286,64,93.37,"5,975.68",0,One year,Credit card,1,8.1,0
C00287,10,43.42,434.20,0,Month-to-month,Bank transfer,1,,0
C00288,35,76.4,"2,674.00",2,One year,Electronic check,1,9.8,0
C00289,69,37.87,"2,613.03",2,MONTH-TO-MONTH,Mailed check,1,6.7,0
C00290,69,56.93,"3,928.17",0,One year,Mailed check,1,,0
C00291,44,51.19,"2,252.36",0,One year,Mailed check,0,1.2,0
C00292,61,28.46,"1,736.06",2,Month-to-month,Bank transfer,1,6.7,1
C00293,67,36.91,"2,472.97",1,Two year,Credit card,0,5.2,0
C00294,48,83.93,"4,028.64",1,Month-to-month,Bank transfer,1,5.1,0
C00295,15,85.23,"1,278.45",1,Month-to-month,Credit card,0,5.8,1
C00296,22,81.95,"1,802.90",2,Two year,Bank transfer,1,,0
C00297,57,35.73,"2,036.61",3,Month-to-month,Bank transfer,0,7.2,0
C00298,69,91.59,"6,319.71",1,Month-to-month,Mailed check,1,3.1,0
C00299,11,36.31,399.41,0,Month-to-month,Mailed check,0,6.2,1
C00300,63,28.1,"1,770.30",1,Month-to-month,Bank transfer,0,5.7,0
C00301,45,93.88,"4,224.60",3,Month-to-month,Credit card,1,7.9,0
C00302,21,92.56,"1,943.76",3,Month-to-month,Credit card,0,7.0,1
C00303,58,46.98,"2,724.84",1,One year,Electronic check,1,7.4,0
C00304,4,88.98,355.92,0,One year,Electronic check,1,5.4,1
C00305,12,51.04,612.48,1,Month-to-month,Electronic check,0,3.4,1
C00306,51,67.96,"3,465.96",2,Month-to-month,Mailed check,0,,0
C00307,7,26.8,187.60,2,Month-to-month,Electronic check,1,6.2,1
C00308,57,80.16,"4,569.12",3,Month-to-month,Electronic check,1,7.3,0
C00309,46,46.81,"2,153.26",0,One year,Mailed check,0,,0
C00310,43,67.5,"2,902.50",1,Month-to-month,Electronic check,1,4.1,0
C00311,35,115.44,"4,040.40",1,Month-to-month,Credit card,1,,0
C00312,26,53.99,"1,403.74",2,Month-to-month,Mailed check,1,,0
C00313,39,114.64,"4,470.96",1,Month-to-month,Mailed check,1,5.4,1
C00314,71,119.34,"8,473.14",2,Two year,Mailed check,1,8.5,0
C00315,50,55.25,"2,762.50",1,Month-to-month,Electronic check,0,5.1,0
C00316,56,112.46,"6,297.76",3,Month-to-month,Electronic check,1,5.9,1
C00317,61,70.92,"4,326.12",0,Month-to-month,Mailed check,0,5.6,0
C00318,57,87.37,"4,980.09",3,Month-to-month,Credit card,0,6.7,0
C00319,46,92.11,"4,237.06",1,One year,Credit card,1,6.9,0
C00320,62,27.08,"1,678.96",0,Month-to-month,Mailed check,0,6.4,1
C00321,60,97.16,"5,829.60",1,Two year,Electronic check,0,6.3,0
C00322,25,52.35,"1,308.75",2,Month-to-month,Electronic check,1,4.8,0
C00323,70,23.14,"1,619.80",2,Month-to-month,Bank transfer,1,7.5,0
C00324,14,55.52,777.28,1,One year,Mailed check,1,10.0,0
C00325,71,23.93,"1,699.03",4,Two year,Bank transfer,0,6.2,0
C00326,1,67.55, ,5,Two year,Mailed check,1,,0
C00327,28,57.67,"1,614.76",1,One year,Mailed check,1,,0
C00328,52,115.22,"5,991.44",2,One year,Electronic check,1,7.7,0
C00329,18,90.26,"1,624.68",3,Two year,Credit card,1,3.8,0
C00330,16,105.1,"1,681.60",2,Month-to-month,Mailed check,1,6.1,1
C00331,62,118.5,"7,347.00",1,Month-to-month,Mailed check,0,8.2,1
C00332,66,101.43,"6,694.38",1,One year,Bank transfer,0,5.2,0
C00333,24,118.85,"2,852.40",2,One year,Credit card,1,5.9,0
C00334,21,25.7,539.70,0,Month-to-month,Bank transfer,1,7.3,0
C00335,58,99.21,"5,754.18",1,One year,Credit card,1,6.0,0
C00336,51,39.82,"2,030.82",1,Month-to-month,Electronic check,1,6.2,1
C00337,15,77.04,"1,155.60",3,Month-to-month,Electronic check,1,9.3,0
C00338,12,79.59,955.08,0,Month-to-month,Electronic check,0,5.1,0
C00339,13,107.83,"1,401.79",3,One year,Bank transfer,0,5.4,0
C00340,7,52.01,364.07,1,Month-to-month,Bank transfer,0,5.1,0
C00341,31,70.17,"2,175.27",1,Month-to-month,Mailed check,1,8.1,0
C00342,66,94.34,"6,226.44",0,Month-to-month,Credit card,0,,0
C00343,28,86.85,"2,431.80",2,Month-to-month,Electronic check,1,8.6,0
C00344,16,56.49,903.84,0,Two year,Mailed check,0,7.7,0
C00345,6,52.89,317.34,3,Month-to-month,Mailed check,1,6.9,1
C00346,56,65.53,"3,669.68",2,Month-to-month,Electronic check,1,8.1,1
C00347,69,82.41,"5,686.29",2,One year,Bank transfer,1,3.2,0
C00348,12,48.65,583.80,2,Month-to-month,Bank transfer,1,5.1,0
C00349,24,60.5,"1,452.00",4,Month-to-month,Mailed check,1,9.9,1
C00350,23,59.66,"1,372.18",1,One year,Credit card,1,9.7,0
C00351,9,56.53,508.77,1,Month-to-month,Mailed check,0,3.1,0
C00352,16,48.94,783.04,0,Month-to-month,Electronic check,1,8.6,0
C00353,18,103.98,"1,871.64",1,Two year,Bank transfer,0,4.5,0
C00354,30,61.93,"1,857.90",1,Month-to-month,Electronic check,1,6.7,0
C00355,6,63.04,378.24,2,Month-to-month,Mailed check,1,4.8,1
C00356,58,49.34,"2,861.72",1,Two year,Credit card,1,7.1,0
C00357,40,114.62,"4,584.80",0,Month-to-month,Electronic check,0,6.4,0
C00358,50,105.26,"5,263.00",3,Two year,Credit card,0,8.9,0
C00359,57,35.3,"2,012.10",1,Two year,Credit card,1,7.7,0
C00360,2,107.36,214.72,1,One year,Electronic check,1,5.4,1
C00361,48,64.66,"3,103.68",0,Two year,Electronic check,0,7.4,0
C00362,13,36.38,472.94,0,One year,Electronic check,0,5.6,0
C00363,29,111.01,"3,219.29",0,Month-to-month,Credit card,1,6.9,0
C00364,68,96.18,"6,540.24",1,Month-to-month,Bank transfer,0,8.7,0
C00365,56,71.07,"3,979.92",0,One year,Credit card,0,7.6,0
C00366,71,75.72,"5,376.12",0,One year,Mailed check,1,10.0,0
C00367,30,29.84,895.20,2,One year,Bank transfer,1,7.6,0
C00368,43,34.36,"1,477.48",0,Two year,Electronic check,0,7.3,0
C00369,1,57.26, ,1,Month-to-month,Credit card,1,9.8,0
C00370,29,94.89,"2,751.81",5,One year,Bank transfer,1,7.9,0
C00371,29,96.95,"2,811.55",0,Month-to-month,Electronic check,1,6.9,0
C00372,64,69.58,"4,453.12",2,One year,Credit card,1,6.8,0
C00373,9,89.43,804.87,1,Month-to-month,Mailed check,0,2.9,0
C00374,15,77.77,"1,166.55",0,One year,Mailed check,0,5.6,1
C00375,11,24.98,274.78,0,Month-to-month,Credit card,1,9.6,0
C00376,30,95.28,"2,858.40",5,Month-to-month,Electronic check,1,9.2,0
C00377,11,91.8,"1,009.80",1,Two year,Electronic check,0,8.4,1
C00378,39,56.41,"2,199.99",3,Two year,Bank transfer,0,4.2,0
C00379,22,43.56,958.32,3,Month-to-month,Bank transfer,0,10.0,0
C00380,37,117.82,"4,359.34",0, Month-to-month,Electronic check,0,1.2,0
C00381,24,54.69,"1,312.56",2,Month-to-month,Credit card,1,10.0,0
C00382,67,86.05,"5,765.35",1,Month-to-month,Electronic check,1,5.8,0
C00383,42,46.63,"1,958.46",2,One year,Electronic check,0,10.0,0
C00384,28,84.09,"2,354.52",3,Month-to-month,Electronic check,1,5.3,0
C00385,67,21.68,"1,452.56",2,One year,Electronic check,1,,0
C00386,27,27.42,740.34,2,Two year,Bank transfer,1,8.9,0
C00387,42,103.25,"4,336.50",1,Month-to-month,Electronic check,0,8.1,0
C00388,56,115.17,"6,449.52",1,Month-to-month,Bank transfer,1,,0
C00389,60,73.45,"4,407.00",1,Month-to-month,Bank transfer,1,5.5,0
C00390,61,41.24,"2,515.64",2,month-to-month,Electronic check,1,5.7,0
C00391,70,66.44,"4,650.80",1,Two year,Bank transfer,1,6.2,0
C00392,11,31.82,350.02,1,One year,Mailed check,0,7.6,0
C00393,38,21.78,827.64,3,Two year,Bank transfer,1,8.0,0
C00394,57,110.23,"6,283.11",0,Two year,Mailed check,1,7.5,0
C00395,8,48.35,386.80,1,Month-to-month,Bank transfer,0,8.8,0
C00396,52,88.66,"4,610.32",3, Month-to-month,Credit card,0,4.3,1
C00397,4,100.71,402.84,1,Month-to-month,Electronic check,1,4.8,1
C00398,57,86.23,"4,915.11",1,Month-to-month,Mailed check,1,6.1,0
C00399,60,52.88,"3,172.80",1,One year,Electronic check,0,6.5,0
C00400,53,50.78,"2,691.34",0,Month-to-month,Mailed check,1,4.3,0
C00401,45,28.28,"1,272.60",0,Two year,Bank transfer,0,5.7,0
C00402,25,93.35,"2,333.75",1,Two year,Electronic check,1,4.5,0
C00403,36,104.09,"3,747.24",2,Month-to-month,Electronic check,0,,1
C00404,50,111.66,"5,583.00",1,Month-to-month,Electronic check,0,8.2,0
C00405,52,61.93,"3,220.36",1,Month-to-month,Bank transfer,1,6.9,0
C00406,8,107.31,858.48,1,One year,Credit card,0,6.8,1
C00407,1,107.5, ,0,Month-to-month,Credit card,1,8.4,1
C00408,64,112.57,"7,204.48",2,Month-to-month,Bank transfer,1,,1
C00409,61,111.63,"6,809.43",2,One year,Electronic check,0,7.2,0
C00410,29,70.91,"2,056.39",3,Month-to-month,Electronic check,0,1.0,1
C00411,52,76.67,"3,986.84",5,Two year,Electronic check,1,,1
C00412,20,75.79,"1,515.80",0,Month-to-month,Credit card,1,8.9,1
C00413,39,57.81,"2,254.59",3,Month-to-month,Electronic check,1,6.1,1
C00414,32,116.16,"3,717.12",0,Month-to-month,Credit card,1,,0
C00415,49,25.18,"1,233.82",1,month-to-month,Credit card,0,8.9,0
C00416,43,49.16,"2,113.88",2,One year,Mailed check,1,7.8,1
C00417,43,118.42,"5,092.06",4,Two year,Credit card,1,9.2,0
C00418,54,23.19,"1,252.26",3,Month-to-month,Credit card,0,5.0,0
C00419,32,39.52,"1,264.64",2,Month-to-month,Credit card,1,8.8,0
C00420,5,93.63,468.15,1,Two year,Credit card,1,7.8,0
C00421,36,48.96,"1,762.56",1,One year,Bank transfer,0,3.8,0
C00422,11,40.36,443.96,2,Month-to-month,Credit card,1,8.2,0
C00423,1,86.48, ,2,One year,Mailed check,1,7.5,1
C00424,12,52.5,630.00,3,Month-to-month,Mailed check,1,4.2,0
C00425,47,35.87,"1,685.89",1,Two year,Mailed check,1,,0
C00426,52,76.17,"3,960.84",0, Month-to-month,Credit card,1,4.3,0
C00427,70,110.67,"7,746.90",2,Month-to-month,Credit card,1,10.0,0
C00428,20,114.26,"2,285.20",1,Month-to-month,Bank transfer,0,4.9,0
C00429,31,88.85,"2,754.35",1,One year,Mailed check,0,8.7,1
C00430,18,39.15,704.70,0,Month-to-month,Bank transfer,1,6.6,1
C00431,10,74.13,741.30,0,Month-to-month,Credit card,0,5.0,1
C00432,6,64.33,385.98,1,Month-to-month,Mailed check,0,6.0,0
C00433,46,51.87,"2,386.02",1,Month-to-month,Credit card,1,5.9,0
C00434,47,24.47,"1,150.09",5,Month-to-month,Credit card,0,5.6,1
C00435,32,55.45,"1,774.40",0,Month-to-month,Credit card,1,6.7,0
C00436,19,33.82,642.58,0,Month-to-month,Bank transfer,1,4.3,0
C00437,12,22.28,267.36,3,One year,Bank transfer,0,5.2,0
C00438,61,117.41,"7,162.01",1,MONTH-TO-MONTH,Mailed check,1,5.5,1
C00439,34,119.71,"4,070.14",4,Month-to-month,Bank transfer,1,9.2,0
C00440,50,34.39,"1,719.50",0,MONTH-TO-MONTH,Mailed check,1,,1
C00441,11,69.98,769.78,0,month-to-month,Credit card,0,9.2,0
C00442,62,92.63,"5,743.06",0,One year,Bank transfer,1,8.1,0
C00443,59,51.41,"3,033.19",1,Two year,Electronic check,1,6.6,0
C00444,3,60.28,180.84,2,Month-to-month,Bank transfer,0,3.9,0
C00445,35,95.66,"3,348.10",0,Two year,Credit card,0,4.9,0
C00446,26,108.44,"2,819.44",0,Month-to-month,Mailed check,1,7.2,1
C00447,54,82.69,"4,465.26",2,Month-to-month,Credit card,1,7.4,0
C00448,64,87.35,"5,590.40",3,Month-to-month,Credit card,0,5.4,0
C00449,9,34.05,306.45,1,Month-to-month,Bank transfer,0,5.4,0
C00450,1,72.44, ,1,Month-to-month,Credit card,1,2.0,0
C00451,6,54.6,327.60,0,One year,Bank transfer,1,,0
C00452,16,67.11,"1,073.76",2,Month-to-month,Mailed check,0,8.5,0
C00453,61,43.58,"2,658.38",2,Month-to-month,Mailed check,0,5.2,0
C00454,25,67.23,"1,680.75",2,Month-to-month,Mailed check,0,8.9,0
C00455,31,42.97,"1,332.07",4,Month-to-month,Credit card,1,8.1,0
C00456,22,46.34,"1,019.48",1,Month-to-month,Bank transfer,1,8.9,1
C00457,56,90.69,"5,078.64",1,Month-to-month,Bank transfer,1,9.1,0
C00458,66,30.55,"2,016.30",0,Month-to-month,Credit card,1,6.1,1
C00459,8,49.99,399.92,0,Month-to-month,Credit card,1,2.9,1
C00460,22,55.1,"1,212.20",3,One year,Mailed check,1,,0
C00461,17,34.62,588.54,2,Month-to-month,Mailed check,0,5.7,1
C00462,24,36.86,884.64,3,One year,Credit card,0,7.8,1
C00463,65,68.49,"4,451.85",1,One year,Credit card,1,,0
C00464,26,68.04,"1,769.04",4,Month-to-month,Bank transfer,0,10.0,0
C00465,9,22.34,201.06,1,Month-to-month,Electronic check,1,2.4,1
C00466,29,50.06,"1,451.74",0,Month-to-month,Mailed check,1,8.2,0
C00467,39,78.38,"3,056.82",1,One year,Electronic check,1,7.4,0
C00468,19,107.14,"2,035.66",0,One year,Bank transfer,1,7.0,0
C00469,20,75.41,"1,508.20",2,One year,Credit card,0,4.8,0
C00470,25,115.87,"2,896.75",1,Month-to-month,Credit card,0,4.5,1
C00471,22,22.49,494.78,1,Two year,Electronic check,1,4.6,0
C00472,25,67.68,"1,692.00",1,One year,Electronic check,1,7.7,1
C00473,4,58.44,233.76,0,Two year,Electronic check,0,8.0,1
C00474,64,104.94,"6,716.16",1,One year,Bank transfer,1,4.0,0
C00475,49,110.0,"5,390.00",2,Month-to-month,Electronic check,1,6.9,0
C00476,71,66.89,"4,749.19",1,Month-to-month,Electronic check,0,7.4,0
C00477,4,59.94,239.76,0,Two year,Electronic check,1,5.6,0
C00478,1,82.54, ,2,Two year,Credit card,1,4.3,0
C00479,24,29.73,713.52,0,One year,Bank transfer,0,4.7,0
C00480,34,24.81,843.54,1,Two year,Electronic check,1,6.2,0
C00481,38,108.7,"4,130.60",1,Month-to-month,Mailed check,0,2.3,1
C00482,41,91.55,"3,753.55",0,Month-to-month,Bank transfer,0,6.2,0
C00483,70,44.75,"3,132.50",4,MONTH-TO-MONTH,Credit card,0,3.2,0
C00484,68,79.38,"5,397.84",0,Month-to-month,Credit card,0,8.8,0
C00485,61,24.86,"1,516.46",2,Month-to-month,Mailed check,1,8.2,0
C00486,37,59.47,"2,200.39",1,One year,,1,,0
C00487,35,80.33,"2,811.55",1,month-to-month,Electronic check,1,5.3,0
C00488,60,89.51,"5,370.60",2,Two year,Credit card,1,7.3,0
C00489,58,79.1,"4,587.80",2,Month-to-month,Electronic check,1,,0
C00490,64,34.67,"2,218.88",1,Two year,,1,10.0,0
C00491,25,113.01,"2,825.25",2,Month-to-month,,1,7.5,1
C00492,62,100.11,"6,206.82",0,Two year,Bank transfer,1,10.0,0
C00493,3,37.32,111.96,1,Month-to-month,Electronic check,1,7.1,0
C00494,55,43.89,"2,413.95",0,Month-to-month,Credit card,0,,0
C00495,15,111.2,"1,668.00",2,Two year,Credit card,1,6.9,0
C00496,2,33.12,66.24,1,Month-to-month,Credit card,1,7.4,0
C00497,5,100.26,501.30,2,Month-to-month,Mailed check,0,5.5,0
C00498,6,110.55,663.30,0,One year,Bank transfer,0,5.9,1
C00499,23,78.11,"1,796.53",0,Two year,Electronic check,0,8.4,0
C00500,45,116.13,"5,225.85",4,Month-to-month,Electronic check,1,9.1,0
C00501,38,33.55,"1,274.90",2, Month-to-month,Electronic check,0,6.3,0
C00502,5,80.7,403.50,2,Month-to-month,Credit card,1,5.2,0
C00503,25,40.19,"1,004.75",0,One year,Mailed check,1,5.5,0
C00504,24,80.19,"1,924.56",0,Month-to-month,,1,6.9,1
C00505,38,104.69,"3,978.22",3,Month-to-month,Mailed check,0,3.8,0
C00506,29,22.36,648.44,1,Month-to-month,Mailed check,0,2.8,0
C00507,37,101.61,"3,759.57",0,month-to-month,Electronic check,1,8.6,0
C00508,29,74.13,"2,149.77",1,One year,,1,6.2,1
C00509,19,66.74,"1,268.06",4,Month-to-month,Mailed check,1,5.4,1
C00510,15,24.73,370.95,0,Two year,Bank transfer,0,7.3,0
C00511,61,52.79,"3,220.19",4,Month-to-month,Bank transfer,0,4.0,1
C00512,43,97.58,"4,195.94",2, Month-to-month,Bank transfer,0,8.0,0
C00513,30,31.33,939.90,1,One year,Electronic check,0,5.6,0
C00514,17,23.78,404.26,1,MONTH-TO-MONTH,Credit card,1,3.8,0
C00515,15,28.72,430.80,1,month-to-month,Mailed check,0,7.9,0
C00516,47,67.66,"3,180.02",1,Month-to-month,Electronic check,0,7.2,0
C00517,40,82.18,"3,287.20",1,Two year,Credit card,0,7.4,1
C00518,21,26.19,549.99,1,Month-to-month,Mailed check,1,6.1,0
C00519,42,95.49,"4,010.58",0,Month-to-month,Bank transfer,0,6.4,0
C00520,31,96.08,"2,978.48",3,Two year,Mailed check,1,5.5,0
C00521,43,32.98,"1,418.14",4,Month-to-month,Bank transfer,1,8.6,1
C00522,43,107.12,"4,606.16",1,Month-to-month,Electronic check,1,6.0,1
C00523,52,71.61,"3,723.72",2,Month-to-month,Credit card,0,6.2,0
C00524,60,21.9,"1,314.00",0, Month-to-month,Mailed check,0,8.3,0
C00525,30,60.4,"1,812.00",1,Month-to-month,Credit card,0,8.6,0
C00526,63,86.12,"5,425.56",2,Month-to-month,,0,5.3,0
C00527,13,72.3,939.90,0,One year,Electronic check,1,7.2,0
C00528,32,86.07,"2,754.24",0,Two year,Electronic check,1,6.0,0
C00529,67,25.06,"1,679.02",1,Two year,Mailed check,1,10.0,0
C00530,60,105.67,"6,340.20",1,MONTH-TO-MONTH,Credit card,0,5.9,1
C00531,47,93.26,"4,383.22",1, Month-to-month,Electronic check,0,5.6,1
C00532,53,95.46,"5,059.38",1,month-to-month,Bank transfer,1,4.2,1
C00533,10,105.33,"1,053.30",3,One year,Bank transfer,0,6.0,0
C00534,59,58.26,"3,437.34",1,One year,Mailed check,1,9.0,0
C00535,15,68.01,"1,020.15",2,Month-to-month,Credit card,1,6.4,1
C00536,10,20.67,206.70,0,One year,Electronic check,1,7.7,0
C00537,29,37.44,"1,085.76",1,Month-to-month,Mailed check,0,3.4,1
C00538,66,83.84,"5,533.44",1,Month-to-month,Credit card,1,6.9,0
C00539,43,77.34,"3,325.62",1,One year,Mailed check,1,7.1,0
C00540,21,54.59,"1,146.39",1,Month-to-month,Electronic check,1,10.0,1
C00541,71,62.98,"4,471.58",2,Month-to-month,Credit card,0,7.7,0
C00542,67,96.88,"6,490.96",2, Month-to-month,Mailed check,1,9.5,0
C00543,18,94.14,"1,694.52",0,One year,Bank transfer,0,6.1,0
C00544,49,72.9,"3,572.10",1,One year,Electronic check,1,6.0,0
C00545,51,80.28,"4,094.28",0,Month-to-month,Mailed check,1,6.7,1
C00546,51,110.1,"5,615.10",1,Month-to-month,Mailed check,1,6.3,1
C00547,67,22.51,"1,508.17",1,Month-to-month,Mailed check,1,8.5,0
C00548,32,93.57,"2,994.24",2,Two year,Electronic check,0,6.0,0
C00549,28,102.39,"2,866.92",2,Month-to-month,Mailed check,0,8.0,1
C00550,11,112.7,"1,239.70",1,Month-to-month,Bank transfer,0,7.3,0
C00551,51,55.95,"2,853.45",0,Two year,Credit card,0,5.1,0
C00552,48,62.67,"3,008.16",0,Month-to-month,Bank transfer,1,,0
C00553,12,82.1,985.20,1,Two year,Electronic check,0,5.5,0
C00554,65,66.26,"4,306.90",0,One year,Credit card,0,7.4,0
C00555,30,114.96,"3,448.80",0,One year,Electronic check,0,,0
C00556,9,46.03,414.27,3, Month-to-month,Mailed check,1,5.5,0
C00557,21,21.89,459.69,0,One year,Credit card,0,3.5,0
C00558,22,86.37,"1,900.14",2,One year,Mailed check,1,,0
C00559,27,113.71,"3,070.17",0,One year,Credit card,1,10.0,0
C00560,28,118.75,"3,325.00",0,Month-to-month,Credit card,0,5.7,0
C00561,21,23.41,491.61,4,Month-to-month,Electronic check,0,3.9,0
C00562,56,21.06,"1,179.36",0, Month-to-month,Electronic check,1,8.3,0
C00563,56,57.68,"3,230.08",2,Month-to-month,Credit card,0,6.4,0
C00564,36,73.82,"2,657.52",0,Two year,Electronic check,1,,0
C00565,41,57.25,"2,347.25",1,Month-to-month,Bank transfer,1,3.6,0
C00566,45,23.42,"1,053.90",2,Month-to-month,Mailed check,0,8.3,0
C00567,57,87.26,"4,973.82",1,Month-to-month,Electronic check,1,,0
C00568,7,61.37,429.59,0,Month-to-month,Electronic check,1,4.6,0
C00569,27,86.89,"2,346.03",0,Month-to-month,Mailed check,1,7.5,0
C00570,7,24.54,171.78,1,Two year,Credit card,0,3.6,0
C00571,24,85.1,"2,042.40",0,Two year,Electronic check,1,9.9,0
C00572,46,89.31,"4,108.26",3, Month-to-month,Electronic check,0,4.2,0
C00573,24,106.97,"2,567.28",1,One year,Bank transfer,0,4.2,0
C00574,44,108.13,"4,757.72",1,Month-to-month,Mailed check,0,6.4,1
C00575,18,37.39,673.02,1,month-to-month,Electronic check,0,7.8,0
C00576,9,52.98,476.82,3,Two year,Bank transfer,0,5.2,0
C00577,51,108.68,"5,542.68",1,One year,Bank transfer,1,8.6,0
C00578,67,81.62,"5,468.54",1,Month-to-month,Electronic check,1,9.2,1
C00579,63,30.72,"1,935.36",1,Month-to-month,Credit card,0,3.0,0
C00580,3,63.31,189.93,3,Month-to-month,Electronic check,1,9.3,1
C00581,13,89.68,"1,165.84",0,Month-to-month,Mailed check,1,5.5,0
C00582,42,66.4,"2,788.80",0,Month-to-month,Electronic check,0,9.6,0
C00583,3,101.28,303.84,2,Month-to-month,Electronic check,0,9.3,1
C00584,37,66.48,"2,459.76",1,One year,Credit card,0,5.2,0
C00585,5,90.39,451.95,3,Month-to-month,Credit card,1,4.0,1
C00586,62,96.12,"5,959.44",0,One year,Electronic check,1,7.7,0
C00587,4,59.07,236.28,2,month-to-month,Credit card,1,8.1,0
C00588,48,45.63,"2,190.24",3,Month-to-month,Bank transfer,1,,0
C00589,35,54.14,"1,894.90",2,Month-to-month,Electronic check,0,4.7,0
C00590,39,63.75,"2,486.25",1,Month-to-month,Electronic check,0,8.1,0
C00591,55,119.8,"6,589.00",0,Month-to-month,Credit card,0,7.3,0
C00592,32,92.29,"2,953.28",0,One year,Electronic check,0,6.4,0
C00593,25,104.23,"2,605.75",1,One year,Mailed check,1,6.2,0
C00594,25,30.4,760.00,1,One year,,1,6.0,0
C00595,29,117.21,"3,399.09",2,Month-to-month,Credit card,0,5.4,1
C00596,20,33.88,677.60,1,month-to-month,Bank transfer,0,5.5,0
C00597,64,33.43,"2,139.52",0,Month-to-month,Mailed check,0,6.1,0
C00598,49,71.16,"3,486.84",0,Two year,Mailed check,1,9.1,0
C00599,66,72.29,"4,771.14",2,Month-to-month,Mailed check,1,8.4,1
C00600,17,30.84,524.28,3,One year,Bank transfer,0,9.4,0
C00601,7,93.11,651.77,3,Two year,Mailed check,1,8.9,0
C00602,70,74.96,"5,247.20",0,MONTH-TO-MONTH,Mailed check,0,7.0,0
C00603,18,53.83,968.94,1,Month-to-month,Credit card,0,5.8,1
C00604,33,106.8,"3,524.40",2,One year,Credit card,1,10.0,0
C00605,70,97.35,"6,814.50",2,Month-to-month,Credit card,0,10.0,0
C00606,56,112.57,"6,303.92",2,Month-to-month,Bank transfer,1,9.2,0
C00607,57,38.99,"2,222.43",2,Two year,Bank transfer,1,,0
C00608,47,111.27,"5,229.69",2,Month-to-month,Mailed check,0,9.6,0
C00609,65,62.94,"4,091.10",1,One year,Electronic check,1,4.9,0
C00610,15,46.25,693.75,1,One year,Credit card,0,8.3,0
C00611,58,34.87,"2,022.46",1,Two year,Credit card,0,,0
C00612,45,24.81,"1,116.45",1,Month-to-month,Credit card,0,4.5,0
C00613,30,100.63,"3,018.90",1,Month-to-month,Mailed check,0,6.7,1
C00614,14,109.09,"1,527.26",2,One year,Bank transfer,1,5.7,0
C00615,38,60.84,"2,311.92",0,One year,Electronic check,0,3.2,0
C00616,8,108.77,870.16,2,One year,Credit card,1,5.5,1
C00617,50,83.58,"4,179.00",0,One year,Electronic check,1,10.0,0
C00618,49,86.91,"4,258.59",1,One year,Bank transfer,0,6.2,0
C00619,50,62.9,"3,145.00",2,One year,Mailed check,1,10.0,0
C00620,1,96.93, ,1,One year,Credit card,1,6.3,0
C00621,40,42.73,"1,709.20",2,One year,Mailed check,1,5.9,0
C00622,67,82.54,"5,530.18",1,Month-to-month,Mailed check,0,,0
C00623,1,20.61, ,2,Month-to-month,Mailed check,0,5.0,0
C00624,61,56.31,"3,434.91",2,Month-to-month,Mailed check,1,6.6,0
C00625,69,37.03,"2,555.07",0, Month-to-month,Credit card,0,6.1,0
C00626,24,110.99,"2,663.76",2,One year,Credit card,0,4.4,0
C00627,25,106.18,"2,654.50",0,Month-to-month,Electronic check,1,,0
C00628,70,72.0,"5,040.00",0,Month-to-month,Electronic check,1,9.2,0
C00629,4,74.12,296.48,3,Month-to-month,Mailed check,0,5.4,1
C00630,48,119.74,"5,747.52",1,Month-to-month,Bank transfer,0,6.8,0
C00631,46,20.56,945.76,2,Two year,Credit card,1,9.8,0
C00632,57,63.59,"3,624.63",0,Month-to-month,Bank transfer,0,8.4,0
C00633,40,109.35,"4,374.00",2,Month-to-month,Credit card,1,5.2,1
C00634,18,109.93,"1,978.74",3,Two year,Mailed check,1,5.7,0
C00635,44,47.09,"2,071.96",3,Month-to-month,Electronic check,0,5.4,1
C00636,41,91.51,"3,751.91",3,Month-to-month,Mailed check,0,8.1,1
C00637,56,84.2,"4,715.20",1,Month-to-month,Mailed check,1,9.3,1
C00638,12,79.59,955.08,1,One year,Mailed check,1,4.1,0
C00639,8,64.33,514.64,2,Month-to-month,Credit card,1,10.0,0
C00640,12,42.56,510.72,3,Month-to-month,Mailed check,1,4.6,1
C00641,65,91.64,"5,956.60",2,Two year,Mailed check,1,5.6,0
C00642,61,73.63,"4,491.43",1,Two year,Electronic check,0,3.2,0
C00643,53,21.87,"1,159.11",0,One year,Mailed check,1,5.1,0
C00644,10,86.82,868.20,1,One year,Bank transfer,1,6.1,0
C00645,18,37.81,680.58,2,Month-to-month,Credit card,1,8.1,0
C00646,12,58.36,700.32,3,One year,Bank transfer,1,4.6,0
C00647,41,36.21,"1,484.61",0,Month-to-month,Bank transfer,1,6.1,0
C00648,11,100.14,"1,101.54",1,Month-to-month,Electronic check,0,3.7,0
C00649,65,47.1,"3,061.50",1,Month-to-month,Bank transfer,0,7.3,0
C00650,31,48.37,"1,499.47",2,One year,Electronic check,1,5.5,0
C00651,31,35.54,"1,101.74",0,Month-to-month,Bank transfer,0,6.4,0
C00652,26,67.96,"1,766.96",1, Month-to-month,Credit card,1,6.7,1
C00653,50,40.02,"2,001.00",0,Month-to-month,Bank transfer,0,9.4,0
C00654,66,84.54,"5,579.64",0,Two year,Electronic check,1,4.7,0
C00655,53,66.29,"3,513.37",4,One year,Mailed check,0,,0
C00656,6,77.67,466.02,1, Month-to-month,Credit card,1,2.1,1
C00657,59,116.62,"6,880.58",1,Month-to-month,Electronic check,0,7.6,1
C00658,9,89.53,805.77,1,One year,Electronic check,0,8.1,0
C00659,35,75.51,"2,642.85",1,Month-to-month,Credit card,0,6.1,0
C00660,1,102.8, ,2,Month-to-month,Mailed check,0,5.5,1
C00661,45,28.08,"1,263.60",2,Month-to-month,,0,3.3,0
C00662,37,48.62,"1,798.94",2,Month-to-month,Electronic check,0,8.0,0
C00663,39,116.84,"4,556.76",0,One year,Bank transfer,0,5.3,0
C00664,17,46.78,795.26,1,Month-to-month,Electronic check,1,9.5,0
C00665,33,51.08,"1,685.64",0,One year,Electronic check,1,,0
C00666,8,34.32,274.56,2,Month-to-month,Mailed check,0,5.3,0
C00667,15,36.23,543.45,0,One year,Mailed check,1,7.6,0
C00668,23,31.03,713.69,0,Month-to-month,Electronic check,1,3.7,0
C00669,32,107.38,"3,436.16",0,Two year,Mailed check,0,4.4,0
C00670,18,81.69,"1,470.42",0,One year,Credit card,1,,0
C00671,29,116.69,"3,384.01",0,One year,Bank transfer,1,5.0,0
C00672,18,59.13,"1,064.34",0,One year,Electronic check,1,7.5,0
C00673,16,111.54,"1,784.64",1,Month-to-month,Credit card,0,6.4,0
C00674,1,65.65, ,2,Two year,Bank transfer,0,9.6,0
C00675,3,42.59,127.77,1,Month-to-month,Electronic check,0,8.5,0
C00676,25,96.33,"2,408.25",1,Month-to-month,,1,6.0,0
C00677,36,74.82,"2,693.52",2,Month-to-month,Credit card,0,8.8,0
C00678,71,115.64,"8,210.44",0,Month-to-month,Mailed check,0,10.0,0
C00679,42,67.24,"2,824.08",2,Month-to-month,Bank transfer,1,2.5,0
C00680,43,33.14,"1,425.02",0,MONTH-TO-MONTH,Credit card,1,,0
C00681,66,28.1,"1,854.60",1,Two year,Credit card,1,1.9,0
C00682,18,31.55,567.90,1,Month-to-month,Bank transfer,0,8.1,0
C00683,40,82.96,"3,318.40",1,Month-to-month,Credit card,1,5.5,0
C00684,61,90.96,"5,548.56",0,Month-to-month,Bank transfer,1,5.9,0
C00685,28,109.61,"3,069.08",0,Month-to-month,Electronic check,0,6.5,0
C00686,20,86.65,"1,733.00",0,Month-to-month,Bank transfer,0,10.0,0
C00687,1,73.69, ,1,Month-to-month,Electronic check,1,5.6,0
C00688,43,102.92,"4,425.56",3,Month-to-month,Credit card,0,4.8,1
C00689,7,49.33,345.31,0,One year,Mailed check,1,9.9,0
C00690,58,88.95,"5,159.10",2,Month-to-month,Electronic check,0,6.6,0
C00691,18,27.4,493.20,1,Month-to-month,Electronic check,0,,1
C00692,55,62.52,"3,438.60",0,One year,Bank transfer,1,8.4,0
C00693,31,99.38,"3,080.78",4,Month-to-month,Credit card,0,2.4,1
C00694,44,22.99,"1,011.56",0,Month-to-month,Bank transfer,0,2.1,0
C00695,13,98.62,"1,282.06",0,Two year,Mailed check,1,9.7,0
C00696,48,94.69,"4,545.12",0,Month-to-month,Mailed check,0,4.2,0
C00697,62,114.08,"7,072.96",0,Month-to-month,Mailed check,0,10.0,0
C00698,68,110.65,"7,524.20",0,Two year,Credit card,0,7.9,0
C00699,2,27.21,54.42,0,Month-to-month,Mailed check,1,6.1,1
C00700,48,70.63,"3,390.24",2,Month-to-month,Credit card,1,6.8,0
C00701,42,39.95,"1,677.90",2,Month-to-month,Bank transfer,1,,0
C00702,32,104.9,"3,356.80",0,Month-to-month,Electronic check,1,7.5,0
C00703,50,117.36,"5,868.00",2,One year,Credit card,1,7.9,0
C00704,32,52.98,"1,695.36",1,Month-to-month,Electronic check,0,9.7,1
C00705,23,54.15,"1,245.45",3,Month-to-month,Credit card,1,7.0,1
C00706,19,94.16,"1,789.04",4,Month-to-month,Electronic check,1,5.0,1
C00707,41,53.72,"2,202.52",2,Month-to-month,Mailed check,1,4.4,1
C00708,51,24.22,"1,235.22",3,Two year,Bank transfer,0,4.1,0
C00709,55,32.72,"1,799.60",2,Two year,Bank transfer,1,8.0,0
C00710,59,75.53,"4,456.27",4,Month-to-month,Electronic check,1,6.8,0
C00711,56,54.38,"3,045.28",2,Month-to-month,Electronic check,1,2.5,0
C00712,17,62.54,"1,063.18",1,One year,Bank transfer,1,6.0,0
C00713,13,108.61,"1,411.93",2,One year,Mailed check,1,6.5,0
C00714,27,25.83,697.41,1,month-to-month,Bank transfer,0,5.9,0
C00715,52,40.25,"2,093.00",1,Two year,Electronic check,0,10.0,0
C00716,29,94.65,"2,744.85",1,MONTH-TO-MONTH,Mailed check,0,5.6,0
C00717,65,94.8,"6,162.00",0,Month-to-month,Credit card,1,8.5,0
C00718,15,85.92,"1,288.80",2,Month-to-month,Bank transfer,1,6.9,0
C00719,7,87.21,610.47,3,One year,Mailed check,0,7.3,0
C00720,51,35.84,"1,827.84",1,One year,Credit card,1,7.5,0
C00721,25,115.29,"2,882.25",0,MONTH-TO-MONTH,Bank transfer,1,5.8,0
C00722,48,91.24,"4,379.52",3,Month-to-month,Mailed check,1,8.5,0
C00723,63,24.36,"1,534.68",0,One year,Mailed check,1,6.0,0
C00724,4,118.24,472.96,4,Two year,Bank transfer,1,5.2,0
C00725,17,64.73,"1,100.41",0,One year,Credit card,0,2.3,0
C00726,56,79.22,"4,436.32",0,Two year,Mailed check,1,8.1,0
C00727,14,53.08,743.12,0,Month-to-month,Bank transfer,0,4.1,1
C00728,68,30.77,"2,092.36",1,Two year,Bank transfer,1,5.9,0
C00729,65,38.79,"2,521.35",0,Month-to-month,Credit card,1,8.2,0
C00730,61,76.14,"4,644.54",3,MONTH-TO-MONTH,Mailed check,0,5.1,0
C00731,50,88.0,"4,400.00",3,Month-to-month,Electronic check,0,5.9,1
C00732,33,97.32,"3,211.56",1,One year,Mailed check,0,6.2,0
C00733,27,62.87,"1,697.49",1,Two year,Mailed check,0,6.6,0
C00734,9,96.53,868.77,1,Two year,Bank transfer,1,10.0,0
C00735,67,59.17,"3,964.39",1,One year,Electronic check,1,,0
C00736,1,37.0, ,2,One year,Electronic check,1,3.2,0
C00737,60,63.41,"3,804.60",1,Month-to-month,Bank transfer,1,2.8,0
C00738,46,104.1,"4,788.60",1,One year,Electronic check,1,7.8,0
C00739,41,47.4,"1,943.40",3,MONTH-TO-MONTH,Electronic check,0,4.1,0
C00740,54,23.53,"1,270.62",0,Month-to-month,Electronic check,1,6.2,0
C00741,58,88.66,"5,142.28",3,Month-to-month,Mailed check,1,6.3,0
C00742,52,118.49,"6,161.48",2, Month-to-month,Credit card,1,,1
C00743,43,117.24,"5,041.32",3,Month-to-month,Credit card,0,,0
C00744,22,112.35,"2,471.70",1,One year,Bank transfer,1,8.2,0
C00745,41,22.11,906.51,0,month-to-month,Mailed check,1,6.5,0
C00746,5,31.99,159.95,0,Two year,Mailed check,1,4.8,0
C00747,22,91.05,"2,003.10",0,Month-to-month,Credit card,1,2.7,1
C00748,52,115.55,"6,008.60",2,Month-to-month,Credit card,1,5.1,1
C00749,44,51.78,"2,278.32",2,One year,Mailed check,1,9.4,0
C00750,21,42.82,899.22,2,Month-to-month,Bank transfer,0,5.8,0
C00751,2,65.96,131.92,2,One year,Electronic check,1,4.9,0
C00752,19,112.1,"2,129.90",2,MONTH-TO-MONTH,Mailed check,1,6.7,0
C00753,53,107.83,"5,714.99",2,Two year,Credit card,1,7.7,0
C00754,6,69.11,414.66,0,Month-to-month,Electronic check,1,7.0,0
C00755,58,51.98,"3,014.84",1,Month-to-month,Bank transfer,0,6.7,0
C00756,56,76.0,"4,256.00",1,One year,Electronic check,0,2.4,0
C00757,13,68.99,896.87,1,One year,Electronic check,0,6.2,0
C00758,47,93.22,"4,381.34",1, Month-to-month,Credit card,1,8.4,0
C00759,22,61.68,"1,356.96",2,Two year,Mailed check,1,10.0,0
C00760,11,86.81,954.91,4,One year,Mailed check,1,3.7,1
C00761,16,27.21,435.36,0,One year,Credit card,0,3.6,0
C00762,53,27.86,"1,476.58",0,Two year,Mailed check,0,5.0,0
C00763,3,87.06,261.18,1,Two year,Credit card,1,9.4,0
C00764,8,28.13,225.04,0,One year,Bank transfer,0,7.8,1
C00765,25,46.12,"1,153.00",2,MONTH-TO-MONTH,Mailed check,0,5.2,1
C00766,56,111.55,"6,246.80",1,Two year,Credit card,0,6.1,0
C00767,31,94.54,"2,930.74",1,Month-to-month,Credit card,1,5.9,0
C00768,65,95.73,"6,222.45",2,One year,Mailed check,0,4.4,0
C00769,57,34.33,"1,956.81",0,Month-to-month,Bank transfer,1,4.4,0
C00770,59,84.29,"4,973.11",1,One year,Electronic check,0,8.3,0
C00771,57,73.68,"4,199.76",0,Month-to-month,Credit card,1,6.8,0
C00772,69,29.97,"2,067.93",1,Month-to-month,,0,5.8,0
C00773,41,91.9,"3,767.90",2,Two year,Mailed check,0,8.2,0
C00774,44,110.29,"4,852.76",2,One year,Mailed check,1,7.3,0
C00775,17,40.34,685.78,0,Month-to-month,,1,4.5,0
C00776,63,70.92,"4,467.96",1,Month-to-month,Electronic check,0,6.8,0
C00777,54,114.9,"6,204.60",0,Two year,Electronic check,1,,0
C00778,11,36.85,405.35,2,Two year,Mailed check,1,9.5,0
C00779,6,84.15,504.90,2,One year,Bank transfer,0,10.0,0
C00780,44,113.77,"5,005.88",3,Month-to-month,Electronic check,0,6.7,1
C00781,55,61.67,"3,391.85",1,One year,Credit card,0,3.5,0
C00782,66,119.76,"7,904.16",0,Month-to-month,Credit card,1,3.9,1
C00783,22,112.36,"2,471.92",2,One year,Mailed check,1,6.0,1
C00784,16,73.52,"1,176.32",2,month-to-month,Electronic check,1,7.9,0
C00785,70,30.7,"2,149.00",0,One year,Credit card,1,7.3,0
C00786,62,34.8,"2,157.60",1,One year,Credit card,1,7.6,0
C00787,20,104.97,"2,099.40",0,Month-to-month,Mailed check,1,2.8,1
C00788,68,55.11,"3,747.48",3,Month-to-month,Electronic check,0,5.6,0
C00789,22,27.61,607.42,0,Month-to-month,Mailed check,0,5.5,0
C00790,69,99.68,"6,877.92",1,Month-to-month,Mailed check,0,6.6,0
C00791,63,23.75,"1,496.25",1,month-to-month,,1,5.0,0
C00792,46,31.48,"1,448.08",2,Month-to-month,Credit card,1,7.8,0
C00793,19,76.89,"1,460.91",2,One year,Electronic check,0,,0
C00794,47,76.67,"3,603.49",2,Month-to-month,Bank transfer,1,4.9,1
C00795,64,94.68,"6,059.52",3,One year,Credit card,1,7.6,0
C00796,68,90.44,"6,149.92",1,Month-to-month,Bank transfer,0,,0
C00797,2,56.96,113.92,0,Month-to-month,Electronic check,1,6.6,0
C00798,69,34.78,"2,399.82",1,Two year,Electronic check,1,5.7,0
C00799,70,97.37,"6,815.90",2,Month-to-month,Electronic check,1,7.8,0
C00000,36,104.19,"3,750.84",2,Month-to-month,,1,4.6,1
C00001,47,60.9,"2,862.30",2,MONTH-TO-MONTH,Electronic check,1,4.9,0
C00002,29,102.71,"2,978.59",4,Month-to-month,Bank transfer,0,7.9,1
C00003,4,110.34,441.36,2,MONTH-TO-MONTH,Electronic check,1,,1
